Name,e_magic,e_cblp,e_cp,e_crlc,e_cparhdr,e_minalloc,e_maxalloc,e_ss,e_sp,e_csum,e_ip,e_cs,e_lfarlc,e_ovno,e_oemid,e_oeminfo,e_lfanew,Machine,NumberOfSections,TimeDateStamp,PointerToSymbolTable,NumberOfSymbols,SizeOfOptionalHeader,Characteristics,Magic,MajorLinkerVersion,MinorLinkerVersion,SizeOfCode,SizeOfInitializedData,SizeOfUninitializedData,AddressOfEntryPoint,BaseOfCode,ImageBase,SectionAlignment,FileAlignment,MajorOperatingSystemVersion,MinorOperatingSystemVersion,MajorImageVersion,MinorImageVersion,MajorSubsystemVersion,MinorSubsystemVersion,SizeOfHeaders,CheckSum,SizeOfImage,Subsystem,DllCharacteristics,SizeOfStackReserve,SizeOfStackCommit,SizeOfHeapReserve,SizeOfHeapCommit,LoaderFlags,NumberOfRvaAndSizes,SuspiciousImportFunctions,SuspiciousNameSection,SectionsLength,SectionMinEntropy,SectionMaxEntropy,SectionMinRawsize,SectionMaxRawsize,SectionMinVirtualsize,SectionMaxVirtualsize,SectionMaxPhysical,SectionMinPhysical,SectionMaxVirtual,SectionMinVirtual,SectionMaxPointerData,SectionMinPointerData,SectionMaxChar,SectionMainChar,DirectoryEntryImport,DirectoryEntryImportSize,DirectoryEntryExport,ImageDirectoryEntryExport,ImageDirectoryEntryImport,ImageDirectoryEntryResource,ImageDirectoryEntryException,ImageDirectoryEntrySecurity
$RD3K0W7.exe,23117,144,3,0,4,0,65535,0,184,0,0,0,64,0,0,0,272,34404,7,1743825293,0,0,240,34,523,14,36,262656,40010240,0,103780,4096,5368709120,4096,512,6,0,0,0,6,0,1024,40312423,40296448,2,33120,1048576,4096,1048576,4096,0,16,1,0,7,3.0504413,7.9520764,512,39881728,348,39881664,40264192,1024,40292352,4096,40264192,1024,3221225536,1073741888,365304,60,0,0,365304,409600,389120,40267264
WSU_Malware.exe,23117,144,3,0,4,0,65535,0,184,0,0,0,64,0,0,0,232,34404,7,1715929088,0,0,240,34,523,14,39,92672,111104,0,70496,4096,5368709120,4096,512,6,0,0,0,6,0,1024,0,225280,2,49504,1572864,4096,1048576,4096,0,16,1,0,7,2.3489447,7.9623356,512,92672,500,92508,141312,1024,163840,4096,141312,1024,3221225536,1073741888,132900,260,0,0,132900,163840,147456,0
apphost.exe,23117,144,3,0,4,0,65535,0,184,0,0,0,64,0,0,0,232,34404,7,1715929088,0,0,240,34,523,14,39,92672,111104,0,70496,4096,5368709120,4096,512,6,0,0,0,6,0,1024,0,225280,2,49504,1572864,4096,1048576,4096,0,16,1,0,7,2.3489447,7.9623356,512,92672,500,92508,141312,1024,163840,4096,141312,1024,3221225536,1073741888,132900,260,0,0,132900,163840,147456,0
WSU_Malware.exe,23117,144,3,0,4,0,65535,0,184,0,0,0,64,0,0,0,224,34404,6,1741946880,0,0,240,34,523,14,42,89088,111104,0,70752,4096,5368709120,4096,512,6,0,0,0,6,0,1024,0,217088,2,49504,1572864,4096,1048576,4096,0,16,1,0,6,2.3860276,7.9623346,1024,89088,808,88956,137728,1024,155648,4096,137728,1024,3221225536,1073741888,129012,260,0,0,129012,155648,143360,0
apphost.exe,23117,144,3,0,4,0,65535,0,184,0,0,0,64,0,0,0,224,34404,6,1741946880,0,0,240,34,523,14,42,89088,111104,0,70752,4096,5368709120,4096,512,6,0,0,0,6,0,1024,0,217088,2,49504,1572864,4096,1048576,4096,0,16,1,0,6,2.3860276,7.9623346,1024,89088,808,88956,137728,1024,155648,4096,137728,1024,3221225536,1073741888,129012,260,0,0,129012,155648,143360,0
java.exe,23117,144,3,0,4,0,65535,0,184,0,0,0,64,0,0,0,288,34404,7,1743825018,0,0,240,34,523,14,36,460800,1024512,0,263988,4096,5368709120,4096,512,6,0,0,0,6,0,1024,1512895,1503232,3,33120,1048576,4096,1048576,4096,0,16,1,0,7,3.371613,7.078769,512,821760,348,821504,1474560,1024,1499136,4096,1474560,1024,3221225536,1073741888,620528,160,0,0,620528,675840,647168,1478144
javaw.exe,23117,144,3,0,4,0,65535,0,184,0,0,0,64,0,0,0,280,34404,7,1743825023,0,0,240,34,523,14,36,457728,1024512,0,263980,4096,5368709120,4096,512,6,0,0,0,6,0,1024,1518094,1499136,2,33120,1048576,4096,1048576,4096,0,16,1,0,7,3.3495018,7.078818,512,821760,348,821504,1471488,1024,1495040,4096,1471488,1024,3221225536,1073741888,616328,160,0,0,616328,671744,643072,1475072
javaws.exe,23117,144,3,0,4,0,65535,0,184,0,0,0,64,0,0,0,280,34404,7,1743825023,0,0,240,34,523,14,36,457728,1024512,0,263980,4096,5368709120,4096,512,6,0,0,0,6,0,1024,1518094,1499136,2,33120,1048576,4096,1048576,4096,0,16,1,0,7,3.3495018,7.078818,512,821760,348,821504,1471488,1024,1495040,4096,1471488,1024,3221225536,1073741888,616328,160,0,0,616328,671744,643072,1475072
java.exe,23117,144,3,0,4,0,65535,0,184,0,0,0,64,0,0,0,288,34404,7,1743825018,0,0,240,34,523,14,36,460800,1024512,0,263988,4096,5368709120,4096,512,6,0,0,0,6,0,1024,1512895,1503232,3,33120,1048576,4096,1048576,4096,0,16,1,0,7,3.371613,7.078769,512,821760,348,821504,1474560,1024,1499136,4096,1474560,1024,3221225536,1073741888,620528,160,0,0,620528,675840,647168,1478144
javaw.exe,23117,144,3,0,4,0,65535,0,184,0,0,0,64,0,0,0,280,34404,7,1743825023,0,0,240,34,523,14,36,457728,1024512,0,263980,4096,5368709120,4096,512,6,0,0,0,6,0,1024,1518094,1499136,2,33120,1048576,4096,1048576,4096,0,16,1,0,7,3.3495018,7.078818,512,821760,348,821504,1471488,1024,1495040,4096,1471488,1024,3221225536,1073741888,616328,160,0,0,616328,671744,643072,1475072
javaws.exe,23117,144,3,0,4,0,65535,0,184,0,0,0,64,0,0,0,280,34404,7,1743825023,0,0,240,34,523,14,36,457728,1024512,0,263980,4096,5368709120,4096,512,6,0,0,0,6,0,1024,1518094,1499136,2,33120,1048576,4096,1048576,4096,0,16,1,0,7,3.3495018,7.078818,512,821760,348,821504,1471488,1024,1495040,4096,1471488,1024,3221225536,1073741888,616328,160,0,0,616328,671744,643072,1475072
MicrosoftEdge_X64_136.0.3240.50_135.0.3179.98.exe,23117,120,1,0,4,0,0,0,0,0,0,0,64,0,0,0,120,34404,6,1746081322,0,0,240,34,523,14,0,16896,63757824,0,17632,4096,5368709120,4096,512,10,0,0,0,10,0,1024,63824834,63795200,2,49504,1048576,4096,1048576,4096,0,16,1,0,6,0.6143686,7.9999876,512,63748096,72,63747692,63775232,1024,63791104,4096,63775232,1024,3221225536,1073741888,28520,80,0,0,28520,40960,36864,63775744
MicrosoftEdge_X64_136.0.3240.50_135.0.3179.98.exe,23117,120,1,0,4,0,0,0,0,0,0,0,64,0,0,0,120,34404,6,1746081322,0,0,240,34,523,14,0,16896,63757824,0,17632,4096,5368709120,4096,512,10,0,0,0,10,0,1024,63824834,63795200,2,49504,1048576,4096,1048576,4096,0,16,1,0,6,0.6143686,7.9999876,512,63748096,72,63747692,63775232,1024,63791104,4096,63775232,1024,3221225536,1073741888,28520,80,0,0,28520,40960,36864,63775744
DesignToolsServer.exe,23117,144,3,0,4,0,65535,0,184,0,0,0,64,0,0,0,240,34404,7,1725890560,0,0,240,34,523,14,29,99840,56832,0,82000,4096,5368709120,4096,512,6,0,0,0,6,0,1024,176847,176128,2,49504,1572864,4096,1048576,4096,0,16,1,0,7,2.4427707,6.3350177,512,99840,244,99836,149504,1024,172032,4096,149504,1024,3221225536,1073741888,141436,260,0,0,141436,172032,155648,153600
WSU_Malware.exe,23117,144,3,0,4,0,65535,0,184,0,0,0,64,0,0,0,224,34404,6,1741946880,0,0,240,34,523,14,42,89088,111104,0,70752,4096,5368709120,4096,512,6,0,0,0,6,0,1024,0,217088,2,49504,1572864,4096,1048576,4096,0,16,1,0,6,2.3860276,7.9623346,1024,89088,808,88956,137728,1024,155648,4096,137728,1024,3221225536,1073741888,129012,260,0,0,129012,155648,143360,0
apphost.exe,23117,144,3,0,4,0,65535,0,184,0,0,0,64,0,0,0,224,34404,6,1741946880,0,0,240,34,523,14,42,89088,111104,0,70752,4096,5368709120,4096,512,6,0,0,0,6,0,1024,0,217088,2,49504,1572864,4096,1048576,4096,0,16,1,0,6,2.3860276,7.9623346,1024,89088,808,88956,137728,1024,155648,4096,137728,1024,3221225536,1073741888,129012,260,0,0,129012,155648,143360,0
WSU_Malware.dll,23117,144,3,0,4,0,65535,0,184,0,0,0,64,0,0,0,128,332,3,2616243418,0,0,224,34,267,48,0,261632,59904,0,269546,8192,4194304,8192,512,4,0,0,0,4,0,512,0,344064,2,34144,1048576,4096,1048576,4096,0,16,1,0,3,0.10191043,7.96163,512,261632,12,261360,321536,512,335872,8192,321536,512,1610612768,1610612768,269463,79,0,0,269463,270336,0,0
WSU_Malware.dll,23117,144,3,0,4,0,65535,0,184,0,0,0,64,0,0,0,128,332,3,2616243418,0,0,224,34,267,48,0,261632,59904,0,269546,8192,4194304,8192,512,4,0,0,0,4,0,512,0,344064,2,34144,1048576,4096,1048576,4096,0,16,1,0,3,0.10191043,7.96163,512,261632,12,261360,321536,512,335872,8192,321536,512,1610612768,1610612768,269463,79,0,0,269463,270336,0,0
WSU_Malware.dll,23117,144,3,0,4,0,65535,0,184,0,0,0,64,0,0,0,128,332,4,2652279592,0,0,224,34,267,48,0,14336,60416,0,30290,16384,4194304,8192,512,4,0,0,0,4,0,1024,0,106496,2,34144,1048576,4096,1048576,4096,0,16,1,0,4,0.08153941,7.9615917,512,59392,12,59364,75264,1024,98304,8192,75264,1024,1610612768,1107296320,30208,79,0,0,30208,32768,0,0
WSU_Malware.dll,23117,144,3,0,4,0,65535,0,184,0,0,0,64,0,0,0,128,332,3,2832478628,0,0,224,34,267,48,0,261632,59904,0,269714,8192,4194304,8192,512,4,0,0,0,4,0,512,0,344064,2,34144,1048576,4096,1048576,4096,0,16,1,0,3,0.10191043,7.96163,512,261632,12,261528,321536,512,335872,8192,321536,512,1610612768,1610612768,269632,79,0,0,269632,270336,0,0
WSU_Malware.dll,23117,144,3,0,4,0,65535,0,184,0,0,0,64,0,0,0,128,332,3,2832478628,0,0,224,34,267,48,0,261632,59904,0,269714,8192,4194304,8192,512,4,0,0,0,4,0,512,0,344064,2,34144,1048576,4096,1048576,4096,0,16,1,0,3,0.10191043,7.96163,512,261632,12,261528,321536,512,335872,8192,321536,512,1610612768,1610612768,269632,79,0,0,269632,270336,0,0
WSU_Malware.dll,23117,144,3,0,4,0,65535,0,184,0,0,0,64,0,0,0,128,332,4,2652279592,0,0,224,34,267,48,0,14336,60416,0,30290,16384,4194304,8192,512,4,0,0,0,4,0,1024,0,106496,2,34144,1048576,4096,1048576,4096,0,16,1,0,4,0.08153941,7.9615917,512,59392,12,59364,75264,1024,98304,8192,75264,1024,1610612768,1107296320,30208,79,0,0,30208,32768,0,0
DesignToolsServer.dll,23117,144,3,0,4,0,65535,0,184,0,0,0,64,0,0,0,128,34404,2,2598030621,0,0,240,34,523,48,0,3584,4096,0,0,8192,5368709120,8192,512,4,0,0,0,4,0,512,81747,24576,2,34144,4194304,16384,1048576,8192,0,16,0,0,2,4.916669,5.4174523,3584,4096,3217,3952,4096,512,16384,8192,4096,512,1610612768,1610612768,0,0,0,0,0,16384,0,8192
Microsoft.DotNet.DesignTools.Protocol.dll,23117,144,3,0,4,0,65535,0,184,0,0,0,64,0,0,0,128,332,3,3715039481,0,0,224,8226,267,48,0,694272,2048,0,702354,8192,268435456,8192,512,4,0,0,0,4,0,512,762274,720896,3,34144,1048576,4096,1048576,4096,0,16,1,0,3,0.10191043,5.686973,512,694272,12,694168,696320,512,712704,8192,696320,512,1610612768,1610612768,702270,79,0,0,702270,704512,0,696832
Microsoft.DotNet.DesignTools.Server.dll,23117,144,3,0,4,0,65535,0,184,0,0,0,64,0,0,0,128,332,3,4250922555,0,0,224,8226,267,48,0,1044480,2048,0,1052118,8192,268435456,8192,512,4,0,0,0,4,0,512,1120535,1073152,3,34144,1048576,4096,1048576,4096,0,16,1,0,3,0.08153941,5.9431252,512,1044480,12,1044144,1046528,512,1064960,8192,1046528,512,1610612768,1610612768,1052034,79,0,0,1052034,1056768,0,1047040
Microsoft.Extensions.Configuration.Abstractions.dll,23117,144,3,0,4,0,65535,0,184,0,0,0,64,0,0,0,128,332,3,3810726738,0,0,224,8226,267,48,0,15872,2560,0,23782,8192,268435456,8192,512,4,0,0,0,4,0,512,42532,40960,3,34144,1048576,4096,1048576,4096,0,16,1,0,3,0.08153941,5.8626304,512,15872,12,15596,18432,512,32768,8192,18432,512,1610612768,1610612768,23699,79,0,0,23699,24576,0,18944
Microsoft.Extensions.Configuration.dll,23117,144,3,0,4,0,65535,0,184,0,0,0,64,0,0,0,128,332,3,4254059768,0,0,224,8226,267,48,0,32256,2048,0,40434,8192,268435456,8192,512,4,0,0,0,4,0,512,104917,57344,3,34144,1048576,4096,1048576,4096,0,16,1,0,3,0.08153941,5.988158,512,32256,12,32248,34304,512,49152,8192,34304,512,1610612768,1610612768,40349,79,0,0,40349,40960,0,34816
Microsoft.Extensions.DependencyInjection.Abstractions.dll,23117,144,3,0,4,0,65535,0,184,0,0,0,64,0,0,0,128,332,3,3328997008,0,0,224,8226,267,48,0,49664,2560,0,57402,8192,268435456,8192,512,4,0,0,0,4,0,512,124894,81920,3,34144,1048576,4096,1048576,4096,0,16,1,0,3,0.08153941,5.8455243,512,49664,12,49216,52224,512,73728,8192,52224,512,1610612768,1610612768,57319,79,0,0,57319,65536,0,52736
Microsoft.Extensions.DependencyInjection.dll,23117,144,3,0,4,0,65535,0,184,0,0,0,64,0,0,0,128,332,3,2312377984,0,0,224,8226,267,48,0,80896,2048,0,88886,8192,268435456,8192,512,4,0,0,0,4,0,512,107713,106496,3,34144,1048576,4096,1048576,4096,0,16,1,0,3,0.10191043,6.0719066,512,80896,12,80700,82944,512,98304,8192,82944,512,1610612768,1610612768,88801,79,0,0,88801,90112,0,83456
Microsoft.Extensions.DependencyModel.dll,23117,144,3,0,4,0,65535,0,184,0,0,0,64,0,0,0,128,332,3,4056085650,0,0,224,8226,267,48,0,64000,2048,0,71750,8192,268435456,8192,512,4,0,0,0,4,0,512,128956,90112,3,34144,1048576,4096,1048576,4096,0,16,1,0,3,0.10191043,5.9972134,512,64000,12,63572,66048,512,81920,8192,66048,512,1610612768,1610612768,71665,79,0,0,71665,73728,0,66560
Microsoft.Extensions.Logging.Abstractions.dll,23117,144,3,0,4,0,65535,0,184,0,0,0,64,0,0,0,128,332,3,2928651502,0,0,224,8226,267,48,0,52736,2560,0,60546,8192,268435456,8192,512,4,0,0,0,4,0,512,95170,81920,3,34144,1048576,4096,1048576,4096,0,16,1,0,3,0.08153941,5.997532,512,52736,12,52360,55296,512,73728,8192,55296,512,1610612768,1610612768,60463,79,0,0,60463,65536,0,55808
Microsoft.Extensions.Logging.dll,23117,144,3,0,4,0,65535,0,184,0,0,0,64,0,0,0,128,332,3,2854623228,0,0,224,8226,267,48,0,39424,2048,0,47446,8192,268435456,8192,512,4,0,0,0,4,0,512,60580,65536,3,34144,1048576,4096,1048576,4096,0,16,1,0,3,0.08153941,6.026409,512,39424,12,39260,41472,512,57344,8192,41472,512,1610612768,1610612768,47361,79,0,0,47361,49152,0,41984
Microsoft.Extensions.Options.dll,23117,144,3,0,4,0,65535,0,184,0,0,0,64,0,0,0,128,332,3,2234029544,0,0,224,8226,267,48,0,53248,2048,0,61350,8192,268435456,8192,512,4,0,0,0,4,0,512,90152,81920,3,34144,1048576,4096,1048576,4096,0,16,1,0,3,0.08153941,6.074363,512,53248,12,53164,55296,512,73728,8192,55296,512,1610612768,1610612768,61265,79,0,0,61265,65536,0,55808
Microsoft.Extensions.Primitives.dll,23117,144,3,0,4,0,65535,0,184,0,0,0,64,0,0,0,128,332,3,3332436273,0,0,224,8226,267,48,0,31744,2560,0,39730,8192,268435456,8192,512,4,0,0,0,4,0,512,79046,57344,3,34144,1048576,4096,1048576,4096,0,16,1,0,3,0.08153941,5.9757876,512,31744,12,31544,34304,512,49152,8192,34304,512,1610612768,1610612768,39647,79,0,0,39647,40960,0,34816
Microsoft.VisualStudio.Threading.dll,23117,144,3,0,4,0,65535,0,184,0,0,0,64,0,0,0,128,332,3,3259660720,0,0,224,8226,267,48,0,398848,2560,0,406862,8192,268435456,8192,512,4,0,0,0,4,0,512,447723,425984,3,34144,1048576,4096,1048576,4096,0,16,1,0,3,0.10191043,6.2507787,512,398848,12,398676,401408,512,417792,8192,401408,512,1610612768,1610612768,406779,79,0,0,406779,409600,0,401920
Microsoft.VisualStudio.Validation.dll,23117,144,3,0,4,0,65535,0,184,0,0,0,64,0,0,0,128,332,3,3905117118,0,0,224,8226,267,48,0,21504,2048,0,29550,8192,268435456,8192,512,4,0,0,0,4,0,512,33972,49152,3,34144,1048576,4096,1048576,4096,0,16,1,0,3,0.07763316,5.8386636,512,21504,12,21364,23552,512,40960,8192,23552,512,1610612768,1610612768,29465,79,0,0,29465,32768,0,24064
Microsoft.WinForms.DesignTools.Protocol.dll,23117,144,3,0,4,0,65535,0,184,0,0,0,64,0,0,0,128,332,3,4288562323,0,0,224,8226,267,48,0,225792,2048,0,233886,8192,268435456,8192,512,4,0,0,0,4,0,512,302179,253952,3,34144,1048576,4096,1048576,4096,0,16,1,0,3,0.10191043,5.982544,512,225792,12,225700,227840,512,245760,8192,227840,512,1610612768,1610612768,233802,79,0,0,233802,237568,0,228352
Microsoft.WinForms.DesignTools.Server.dll,23117,144,3,0,4,0,65535,0,184,0,0,0,64,0,0,0,128,332,3,2756679259,0,0,224,8226,267,48,0,983552,2048,0,991578,8192,268435456,8192,512,4,0,0,0,4,0,512,1053804,1015808,3,34144,1048576,4096,1048576,4096,0,16,1,0,3,0.10191043,5.4231753,512,983552,12,983480,985600,512,1007616,8192,985600,512,1610612768,1610612768,991494,79,0,0,991494,999424,0,986112
Microsoft.WinForms.Utilities.Desktop.dll,23117,144,3,0,4,0,65535,0,184,0,0,0,64,0,0,0,128,332,3,2211100267,0,0,224,8226,267,48,0,246784,2048,0,254582,8192,268435456,8192,512,4,0,0,0,4,0,512,312598,278528,3,34144,1048576,4096,1048576,4096,0,16,1,0,3,0.10191043,6.332159,512,246784,12,246396,248832,512,270336,8192,248832,512,1610612768,1610612768,254497,79,0,0,254497,262144,0,249344
Microsoft.WinForms.Utilities.Shared.dll,23117,144,3,0,4,0,65535,0,184,0,0,0,64,0,0,0,128,332,3,3815845235,0,0,224,8226,267,48,0,160768,2048,0,168710,8192,268435456,8192,512,4,0,0,0,4,0,512,228522,188416,3,34144,1048576,4096,1048576,4096,0,16,1,0,3,0.10191043,6.1895657,512,160768,12,160524,162816,512,180224,8192,162816,512,1610612768,1610612768,168627,79,0,0,168627,172032,0,163328
Nerdbank.Streams.dll,23117,144,3,0,4,0,65535,0,184,0,0,0,64,0,0,0,128,332,3,4029280679,0,0,224,8226,267,48,0,191488,2048,0,199062,8192,268435456,8192,512,4,0,0,0,4,0,512,227327,221184,3,34144,1048576,4096,1048576,4096,0,16,1,0,3,0.08153941,6.0213733,512,191488,12,191396,193536,512,212992,8192,193536,512,1610612768,1610612768,198980,79,0,0,198980,204800,0,194048
Newtonsoft.Json.dll,23117,144,3,0,4,0,65535,0,184,0,0,0,64,0,0,0,128,332,3,3265585860,0,0,224,8226,267,48,0,685056,2048,0,692302,8192,268435456,8192,512,4,0,0,0,4,0,512,737355,712704,3,34144,1048576,4096,1048576,4096,0,16,1,0,3,0.10191043,5.9334784,512,685056,12,684828,687104,512,704512,8192,687104,512,1610612768,1610612768,692217,79,0,0,692217,696320,0,687616
Serilog.dll,23117,144,3,0,4,0,65535,0,184,0,0,0,64,0,0,0,128,332,3,3857182632,0,0,224,8226,267,48,0,140800,2048,0,148926,8192,268435456,8192,512,4,0,0,0,4,0,512,160660,172032,3,34144,1048576,4096,1048576,4096,0,16,1,0,3,0.10191043,6.117926,512,140800,12,140740,142848,512,163840,8192,142848,512,1610612768,1610612768,148841,79,0,0,148841,155648,0,143360
Serilog.Extensions.Logging.dll,23117,144,3,0,4,0,65535,0,184,0,0,0,64,0,0,0,128,332,3,4090997735,0,0,224,8226,267,48,0,27648,2048,0,35574,8192,268435456,8192,512,4,0,0,0,4,0,512,80961,57344,3,34144,1048576,4096,1048576,4096,0,16,1,0,3,0.08153941,7.0228863,512,27648,12,27388,29696,512,49152,8192,29696,512,1610612768,1610612768,35490,79,0,0,35490,40960,0,30208
Serilog.Formatting.Compact.dll,23117,144,3,0,4,0,65535,0,184,0,0,0,64,0,0,0,128,332,3,2319678157,0,0,224,8226,267,48,0,7168,2048,0,15038,8192,268435456,8192,512,4,0,0,0,4,0,512,50441,32768,3,34144,1048576,4096,1048576,4096,0,16,1,0,3,0.08153941,5.7325206,512,7168,12,6852,9216,512,24576,8192,9216,512,1610612768,1610612768,14955,79,0,0,14955,16384,0,9728
Serilog.Sinks.Console.dll,23117,144,3,0,4,0,65535,0,184,0,0,0,64,0,0,0,128,332,3,3991595140,0,0,224,8226,267,48,0,36352,2048,0,44338,8192,268435456,8192,512,4,0,0,0,4,0,512,91080,65536,3,34144,1048576,4096,1048576,4096,0,16,1,0,3,0.08153941,5.833798,512,36352,12,36152,38400,512,57344,8192,38400,512,1610612768,1610612768,44256,79,0,0,44256,49152,0,38912
StreamJsonRpc.dll,23117,144,3,0,4,0,65535,0,184,0,0,0,64,0,0,0,128,332,3,4225369625,0,0,224,8226,267,48,0,293888,2048,0,301770,8192,268435456,8192,512,4,0,0,0,4,0,512,351053,319488,3,34144,1048576,4096,1048576,4096,0,16,1,0,3,0.10191043,6.20433,512,293888,12,293600,295936,512,311296,8192,295936,512,1610612768,1610612768,301685,79,0,0,301685,303104,0,296448
System.Composition.AttributedModel.dll,23117,144,3,0,4,0,65535,0,184,0,0,0,64,0,0,0,128,332,3,3962539892,0,0,224,8226,267,48,0,6144,2560,0,14302,8192,268435456,8192,512,4,0,0,0,4,0,512,75509,32768,3,34144,1048576,4096,1048576,4096,0,16,1,0,3,0.08153941,5.7327013,512,6144,12,6116,8704,512,24576,8192,8704,512,1610612768,1610612768,14217,79,0,0,14217,16384,0,9216
System.Composition.Hosting.dll,23117,144,3,0,4,0,65535,0,184,0,0,0,64,0,0,0,128,332,3,2790352561,0,0,224,8226,267,48,0,42496,2048,0,50598,8192,268435456,8192,512,4,0,0,0,4,0,512,78107,73728,3,34144,1048576,4096,1048576,4096,0,16,1,0,3,0.08153941,5.8846526,512,42496,12,42412,44544,512,65536,8192,44544,512,1610612768,1610612768,50513,79,0,0,50513,57344,0,45056
System.Composition.Runtime.dll,23117,144,3,0,4,0,65535,0,184,0,0,0,64,0,0,0,128,332,3,3711879245,0,0,224,8226,267,48,0,12800,2048,0,20494,8192,268435456,8192,512,4,0,0,0,4,0,512,46566,40960,3,34144,1048576,4096,1048576,4096,0,16,1,0,3,0.08153941,5.651788,512,12800,12,12308,14848,512,32768,8192,14848,512,1610612768,1610612768,20409,79,0,0,20409,24576,0,15360
System.Composition.TypedParts.dll,23117,144,3,0,4,0,65535,0,184,0,0,0,64,0,0,0,128,332,3,3622990940,0,0,224,8226,267,48,0,48640,2560,0,56498,8192,268435456,8192,512,4,0,0,0,4,0,512,88036,73728,3,34144,1048576,4096,1048576,4096,0,16,1,0,3,0.08153941,6.0100737,512,48640,12,48312,51200,512,65536,8192,51200,512,1610612768,1610612768,56415,79,0,0,56415,57344,0,51712
System.IO.Pipelines.dll,23117,144,3,0,4,0,65535,0,184,0,0,0,64,0,0,0,128,332,3,2329342827,0,0,224,8226,267,48,0,66560,2048,0,74678,8192,268435456,8192,512,4,0,0,0,4,0,512,102442,98304,3,34144,1048576,4096,1048576,4096,0,16,1,0,3,0.10191043,6.0186443,512,66560,12,66492,68608,512,90112,8192,68608,512,1610612768,1610612768,74595,79,0,0,74595,81920,0,69120
Microsoft.DotNet.DesignTools.Server.resources.dll,23117,144,3,0,4,0,65535,0,184,0,0,0,64,0,0,0,128,332,3,3533037072,0,0,224,8226,267,48,0,38912,2048,0,47082,8192,268435456,8192,512,4,0,0,0,4,0,512,109536,65536,3,34112,1048576,4096,1048576,4096,0,16,1,0,3,0.08153941,5.7487473,512,38912,12,38896,40960,512,57344,8192,40960,512,1610612768,1610612768,47000,79,0,0,47000,49152,0,41472
Microsoft.WinForms.DesignTools.Server.resources.dll,23117,144,3,0,4,0,65535,0,184,0,0,0,64,0,0,0,128,332,3,4150004675,0,0,224,8226,267,48,0,25600,2048,0,33322,8192,268435456,8192,512,4,0,0,0,4,0,512,63630,57344,3,34112,1048576,4096,1048576,4096,0,16,1,0,3,0.08153941,5.3442793,512,25600,12,25136,27648,512,49152,8192,27648,512,1610612768,1610612768,33240,79,0,0,33240,40960,0,28160
StreamJsonRpc.resources.dll,23117,144,3,0,4,0,65535,0,184,0,0,0,64,0,0,0,128,332,3,1648263888,0,0,224,8450,267,11,0,12288,2048,0,19982,8192,4194304,8192,512,4,0,0,0,4,0,512,46626,40960,3,34112,1048576,4096,1048576,4096,0,16,1,0,3,0.08153941,5.631745,512,12288,12,11796,14336,512,32768,8192,14336,512,1610612768,1610612768,19896,83,0,0,19896,24576,0,14848
Microsoft.Windows.SDK.NET.dll,23117,144,3,0,4,0,65535,0,184,0,0,0,64,0,0,0,128,332,3,3100852685,0,0,224,8226,267,48,0,23624192,2048,0,23551922,8192,268435456,8192,512,4,0,0,0,4,0,512,23667883,23650304,3,34144,1048576,4096,1048576,4096,0,16,1,0,3,0.12227588,6.22996,512,23624192,12,23623832,23626240,512,23642112,8192,23626240,512,1610612768,1610612768,23551837,79,0,0,23551837,23633920,0,23626752
WinRT.Runtime.dll,23117,144,3,0,4,0,65535,0,184,0,0,0,64,0,0,0,128,332,3,3176765627,0,0,224,8226,267,48,0,516096,2048,0,522118,8192,268435456,8192,512,4,0,0,0,4,0,512,568209,540672,3,34144,1048576,4096,1048576,4096,0,16,1,0,3,0.10191043,5.9779034,512,516096,12,515792,518144,512,532480,8192,518144,512,1610612768,1610612768,522034,79,0,0,522034,524288,0,518656
WSU_Malware.dll,23117,144,3,0,4,0,65535,0,184,0,0,0,64,0,0,0,128,332,3,3160258633,0,0,224,34,267,48,0,269824,59904,0,277506,8192,4194304,8192,512,4,0,0,0,4,0,512,0,352256,2,34144,1048576,4096,1048576,4096,0,16,1,0,3,0.09800418,7.961656,512,269824,12,269320,329728,512,344064,8192,329728,512,1610612768,1610612768,277424,79,0,0,277424,278528,0,0
Microsoft.CodeAnalysis.AnalyzerUtilities.dll,23117,144,3,0,4,0,65535,0,184,0,0,0,64,0,0,0,128,34404,3,4167106996,0,0,240,8226,523,11,0,1134592,139264,0,0,4096,6442450944,4096,4096,4,0,0,0,4,0,4096,1297418,1277952,3,33120,4194304,16384,1048576,8192,0,16,0,0,3,4.7114577,6.6319814,12288,1134592,8932,1131352,1265664,4096,1265664,4096,1265664,4096,3221225536,1610612768,0,0,0,0,0,4096,96496,1277952
Microsoft.CodeAnalysis.CSharp.dll,23117,144,3,0,4,0,65535,0,184,0,0,0,64,0,0,0,128,34404,3,2428062807,0,0,240,8226,523,11,0,17297408,1044480,0,0,4096,6442450944,4096,4096,4,0,0,0,4,0,4096,18416524,18345984,3,33120,4194304,16384,1048576,8192,0,16,0,0,3,5.321234,6.8429885,77824,17297408,73784,17293540,18268160,4096,18268160,4096,18268160,4096,3221225536,1610612768,0,0,0,0,0,4096,1390284,18345984
Microsoft.CodeAnalysis.CSharp.Features.dll,23117,144,3,0,4,0,65535,0,184,0,0,0,64,0,0,0,128,34404,3,3229152154,0,0,240,8226,523,11,0,4960256,598016,0,0,4096,6442450944,4096,4096,4,0,0,0,4,0,4096,5611560,5562368,3,33120,4194304,16384,1048576,8192,0,16,0,0,3,5.2907357,6.813771,36864,4960256,35252,4958718,5525504,4096,5525504,4096,5525504,4096,3221225536,1610612768,0,0,0,0,0,4096,457716,5562368
Microsoft.CodeAnalysis.CSharp.Workspaces.dll,23117,144,3,0,4,0,65535,0,184,0,0,0,64,0,0,0,128,34404,3,3906437077,0,0,240,8226,523,11,0,2211840,241664,0,0,4096,6442450944,4096,4096,4,0,0,0,4,0,4096,2482892,2457600,3,33120,4194304,16384,1048576,8192,0,16,0,0,3,5.1164155,6.7508287,20480,2211840,17524,2209248,2437120,4096,2437120,4096,2437120,4096,3221225536,1610612768,0,0,0,0,0,4096,182244,2457600
Microsoft.CodeAnalysis.dll,23117,144,3,0,4,0,65535,0,184,0,0,0,64,0,0,0,128,34404,3,3730037443,0,0,240,8226,523,11,0,7397376,737280,0,0,4096,6442450944,4096,4096,4,0,0,0,4,0,4096,8201388,8138752,3,33120,4194304,16384,1048576,8192,0,16,0,0,3,5.419011,6.7957077,49152,7397376,47864,7394679,8089600,4096,8089600,4096,8089600,4096,3221225536,1610612768,0,0,0,0,0,4096,579356,8138752
Microsoft.CodeAnalysis.Elfie.dll,23117,144,3,0,4,0,65535,0,184,0,0,0,64,0,0,0,128,34404,3,2846904530,0,0,240,8226,523,11,0,364544,32768,0,0,4096,6442450944,4096,4096,4,0,0,0,4,0,4096,437230,401408,3,33120,4194304,16384,1048576,8192,0,16,0,0,3,4.0158634,6.7429304,4096,364544,2352,363963,397312,4096,397312,4096,397312,4096,3221225536,1610612768,0,0,0,0,0,4096,38752,401408
Microsoft.CodeAnalysis.ExternalAccess.AspNetCore.dll,23117,144,3,0,4,0,65535,0,184,0,0,0,64,0,0,0,128,34404,3,2828422450,0,0,240,8226,523,11,0,45056,12288,0,0,4096,6442450944,4096,4096,4,0,0,0,4,0,4096,136040,61440,3,33120,4194304,16384,1048576,8192,0,16,0,0,3,0.83352655,6.289258,4096,45056,364,43048,57344,4096,57344,4096,57344,4096,3221225536,1610612768,0,0,0,0,0,4096,9072,61440
Microsoft.CodeAnalysis.ExternalAccess.CompilerDeveloperSDK.dll,23117,144,3,0,4,0,65535,0,184,0,0,0,64,0,0,0,128,34404,3,2247267610,0,0,240,8226,523,11,0,12288,8192,0,0,4096,6442450944,4096,4096,4,0,0,0,4,0,4096,82191,24576,3,33120,4194304,16384,1048576,8192,0,16,0,0,3,0.13053343,5.2450266,4096,12288,52,10858,20480,4096,20480,4096,20480,4096,3221225536,1610612768,0,0,0,0,0,4096,6380,24576
Microsoft.CodeAnalysis.ExternalAccess.Razor.Features.dll,23117,144,3,0,4,0,65535,0,184,0,0,0,64,0,0,0,128,34404,3,3514078179,0,0,240,8226,523,11,0,45056,12288,0,0,4096,6442450944,4096,4096,4,0,0,0,4,0,4096,87745,61440,3,33120,4194304,16384,1048576,8192,0,16,0,0,3,0.69972163,6.427115,4096,45056,300,44569,57344,4096,57344,4096,57344,4096,3221225536,1610612768,0,0,0,0,0,4096,8624,61440
Microsoft.CodeAnalysis.ExternalAccess.RazorCompiler.dll,23117,144,3,0,4,0,65535,0,184,0,0,0,64,0,0,0,128,34404,3,3901289892,0,0,240,8226,523,11,0,12288,8192,0,0,4096,6442450944,4096,4096,4,0,0,0,4,0,4096,97319,24576,3,33120,4194304,16384,1048576,8192,0,16,0,0,3,0.14412811,5.5719223,4096,12288,60,11231,20480,4096,20480,4096,20480,4096,3221225536,1610612768,0,0,0,0,0,4096,6300,24576
Microsoft.CodeAnalysis.ExternalAccess.VisualDiagnostics.dll,23117,144,3,0,4,0,65535,0,184,0,0,0,64,0,0,0,128,34404,3,2665494629,0,0,240,8226,523,11,0,32768,12288,0,0,4096,6442450944,4096,4096,4,0,0,0,4,0,4096,60383,49152,3,33120,4194304,16384,1048576,8192,0,16,0,0,3,0.6248868,5.9907246,4096,32768,268,30109,45056,4096,45056,4096,45056,4096,3221225536,1610612768,0,0,0,0,0,4096,8284,49152
Microsoft.CodeAnalysis.ExternalAccess.Xaml.dll,23117,144,3,0,4,0,65535,0,184,0,0,0,64,0,0,0,128,34404,3,4037234162,0,0,240,8226,523,11,0,69632,16384,0,0,4096,6442450944,4096,4096,4,0,0,0,4,0,4096,156082,90112,3,33120,4194304,16384,1048576,8192,0,16,0,0,3,1.2698845,6.3463078,4096,69632,576,66515,86016,4096,86016,4096,86016,4096,3221225536,1610612768,0,0,0,0,0,4096,10496,90112
Microsoft.CodeAnalysis.Features.dll,23117,144,3,0,4,0,65535,0,184,0,0,0,64,0,0,0,128,34404,3,4196208301,0,0,240,8226,523,11,0,10825728,1519616,0,0,4096,6442450944,4096,4096,4,0,0,0,4,0,4096,12367065,12349440,3,33120,4194304,16384,1048576,8192,0,16,0,0,3,5.3824735,6.8079295,69632,10825728,68880,10823792,12279808,4096,12279808,4096,12279808,4096,3221225536,1610612768,0,0,0,0,0,4096,952484,12349440
Microsoft.CodeAnalysis.Razor.Compiler.dll,23117,144,3,0,4,0,65535,0,184,0,0,0,64,0,0,0,128,34404,3,3463006633,0,0,240,8226,523,11,0,3289088,290816,0,0,4096,6442450944,4096,4096,4,0,0,0,4,0,4096,3605820,3584000,3,33120,4194304,16384,1048576,8192,0,16,0,0,3,4.9280415,6.68859,16384,3289088,15220,3287976,3567616,4096,3567616,4096,3567616,4096,3221225536,1610612768,0,0,0,0,0,4096,272676,3584000
Microsoft.CodeAnalysis.Remote.Workspaces.dll,23117,144,3,0,4,0,65535,0,184,0,0,0,64,0,0,0,128,34404,3,4281085289,0,0,240,8226,523,11,0,405504,81920,0,0,4096,6442450944,4096,4096,4,0,0,0,4,0,4096,534534,491520,3,33120,4194304,16384,1048576,8192,0,16,0,0,3,4.997652,6.8080792,4096,405504,3524,404789,487424,4096,487424,4096,487424,4096,3221225536,1610612768,0,0,0,0,0,4096,38620,491520
Microsoft.CodeAnalysis.Scripting.dll,23117,144,3,0,4,0,65535,0,184,0,0,0,64,0,0,0,128,34404,3,2484239220,0,0,240,8226,523,11,0,290816,40960,0,0,4096,6442450944,4096,4096,4,0,0,0,4,0,4096,354568,335872,3,33120,4194304,16384,1048576,8192,0,16,0,0,3,4.450902,6.804871,4096,290816,2736,290552,331776,4096,331776,4096,331776,4096,3221225536,1610612768,0,0,0,0,0,4096,33936,335872
Microsoft.CodeAnalysis.Workspaces.dll,23117,144,3,0,4,0,65535,0,184,0,0,0,64,0,0,0,128,34404,3,3774632352,0,0,240,8226,523,11,0,10162176,1335296,0,0,4096,6442450944,4096,4096,4,0,0,0,4,0,4096,11559951,11501568,3,33120,4194304,16384,1048576,8192,0,16,0,0,3,5.3900237,6.8229027,77824,10162176,74028,10161858,11423744,4096,11423744,4096,11423744,4096,3221225536,1610612768,0,0,0,0,0,4096,877924,11501568
Microsoft.CodeAnalysis.Workspaces.MSBuild.dll,23117,144,3,0,4,0,65535,0,184,0,0,0,64,0,0,0,128,34404,3,3086808843,0,0,240,8226,523,11,0,249856,49152,0,0,4096,6442450944,4096,4096,4,0,0,0,4,0,4096,377592,303104,3,33120,4194304,16384,1048576,8192,0,16,0,0,3,4.1179514,6.7000794,4096,249856,2436,246030,299008,4096,299008,4096,299008,4096,3221225536,1610612768,0,0,0,0,0,4096,28996,303104
Microsoft.VisualStudioCode.RazorExtension.dll,23117,144,3,0,4,0,65535,0,184,0,0,0,64,0,0,0,128,332,3,2407799214,0,0,224,8226,267,48,0,32768,2048,0,40694,8192,268435456,8192,512,4,0,0,0,4,0,512,87343,57344,3,34144,1048576,4096,1048576,4096,0,16,1,0,3,0.08153941,6.0060477,512,32768,12,32508,34816,512,49152,8192,34816,512,1610612768,1610612768,40611,79,0,0,40611,40960,0,35328
Microsoft.VisualStudio.DesignTools.CodeAnalysis.Diagnostics.dll,23117,144,3,0,4,0,65535,0,184,0,0,0,64,0,0,0,128,332,3,3796828399,0,0,224,8226,267,48,0,99328,2048,0,107042,8192,268435456,8192,512,4,0,0,0,4,0,512,168365,131072,3,34144,1048576,4096,1048576,4096,0,16,1,0,3,0.10191043,6.240915,512,99328,12,98856,101376,512,122880,8192,101376,512,1610612768,1610612768,106960,79,0,0,106960,114688,0,101888
Microsoft.VisualStudio.DesignTools.CodeAnalysis.dll,23117,144,3,0,4,0,65535,0,184,0,0,0,64,0,0,0,128,332,3,2669337240,0,0,224,8226,267,48,0,225280,2048,0,233062,8192,268435456,8192,512,4,0,0,0,4,0,512,244907,253952,3,34144,1048576,4096,1048576,4096,0,16,1,0,3,0.10191043,6.3569307,512,225280,12,224888,227328,512,245760,8192,227328,512,1610612768,1610612768,232977,79,0,0,232977,237568,0,227840
Microsoft.VisualStudio.Copilot.Roslyn.LanguageServer.dll,23117,144,3,0,4,0,65535,0,184,0,0,0,64,0,0,0,128,332,3,3264866165,0,0,224,8226,267,48,0,69632,2048,0,77514,8192,268435456,8192,512,4,0,0,0,4,0,512,123971,98304,3,34144,1048576,4096,1048576,4096,0,16,1,0,3,0.10191043,6.1880736,512,69632,12,69328,71680,512,90112,8192,71680,512,1610612768,1610612768,77432,79,0,0,77432,81920,0,72192
WinRT.SourceGenerator.dll,23117,144,3,0,4,0,65535,0,184,0,0,0,64,0,0,0,128,332,3,2205087956,0,0,224,8226,267,48,0,465408,2048,0,473414,8192,268435456,8192,512,4,0,0,0,4,0,512,535712,491520,3,34144,1048576,4096,1048576,4096,0,16,1,0,3,0.10191043,5.734816,512,465408,12,465272,467456,512,483328,8192,467456,512,1610612768,1610612768,473332,79,0,0,473332,475136,0,467968
Microsoft.CodeAnalysis.AnalyzerUtilities.dll,23117,144,3,0,4,0,65535,0,184,0,0,0,64,0,0,0,128,34404,3,4167106996,0,0,240,8226,523,11,0,1134592,139264,0,0,4096,6442450944,4096,4096,4,0,0,0,4,0,4096,1297418,1277952,3,33120,4194304,16384,1048576,8192,0,16,0,0,3,4.7114577,6.6319814,12288,1134592,8932,1131352,1265664,4096,1265664,4096,1265664,4096,3221225536,1610612768,0,0,0,0,0,4096,96496,1277952
Microsoft.CodeAnalysis.CSharp.dll,23117,144,3,0,4,0,65535,0,184,0,0,0,64,0,0,0,128,34404,3,2428062807,0,0,240,8226,523,11,0,17297408,1044480,0,0,4096,6442450944,4096,4096,4,0,0,0,4,0,4096,18416524,18345984,3,33120,4194304,16384,1048576,8192,0,16,0,0,3,5.321234,6.8429885,77824,17297408,73784,17293540,18268160,4096,18268160,4096,18268160,4096,3221225536,1610612768,0,0,0,0,0,4096,1390284,18345984
Microsoft.CodeAnalysis.CSharp.Features.dll,23117,144,3,0,4,0,65535,0,184,0,0,0,64,0,0,0,128,34404,3,3229152154,0,0,240,8226,523,11,0,4960256,598016,0,0,4096,6442450944,4096,4096,4,0,0,0,4,0,4096,5611560,5562368,3,33120,4194304,16384,1048576,8192,0,16,0,0,3,5.2907357,6.813771,36864,4960256,35252,4958718,5525504,4096,5525504,4096,5525504,4096,3221225536,1610612768,0,0,0,0,0,4096,457716,5562368
Microsoft.CodeAnalysis.CSharp.Workspaces.dll,23117,144,3,0,4,0,65535,0,184,0,0,0,64,0,0,0,128,34404,3,3906437077,0,0,240,8226,523,11,0,2211840,241664,0,0,4096,6442450944,4096,4096,4,0,0,0,4,0,4096,2482892,2457600,3,33120,4194304,16384,1048576,8192,0,16,0,0,3,5.1164155,6.7508287,20480,2211840,17524,2209248,2437120,4096,2437120,4096,2437120,4096,3221225536,1610612768,0,0,0,0,0,4096,182244,2457600
Microsoft.CodeAnalysis.dll,23117,144,3,0,4,0,65535,0,184,0,0,0,64,0,0,0,128,34404,3,3730037443,0,0,240,8226,523,11,0,7397376,737280,0,0,4096,6442450944,4096,4096,4,0,0,0,4,0,4096,8201388,8138752,3,33120,4194304,16384,1048576,8192,0,16,0,0,3,5.419011,6.7957077,49152,7397376,47864,7394679,8089600,4096,8089600,4096,8089600,4096,3221225536,1610612768,0,0,0,0,0,4096,579356,8138752
Microsoft.CodeAnalysis.Elfie.dll,23117,144,3,0,4,0,65535,0,184,0,0,0,64,0,0,0,128,34404,3,2846904530,0,0,240,8226,523,11,0,364544,32768,0,0,4096,6442450944,4096,4096,4,0,0,0,4,0,4096,437230,401408,3,33120,4194304,16384,1048576,8192,0,16,0,0,3,4.0158634,6.7429304,4096,364544,2352,363963,397312,4096,397312,4096,397312,4096,3221225536,1610612768,0,0,0,0,0,4096,38752,401408
Microsoft.CodeAnalysis.ExternalAccess.AspNetCore.dll,23117,144,3,0,4,0,65535,0,184,0,0,0,64,0,0,0,128,34404,3,2828422450,0,0,240,8226,523,11,0,45056,12288,0,0,4096,6442450944,4096,4096,4,0,0,0,4,0,4096,136040,61440,3,33120,4194304,16384,1048576,8192,0,16,0,0,3,0.83352655,6.289258,4096,45056,364,43048,57344,4096,57344,4096,57344,4096,3221225536,1610612768,0,0,0,0,0,4096,9072,61440
Microsoft.CodeAnalysis.ExternalAccess.CompilerDeveloperSDK.dll,23117,144,3,0,4,0,65535,0,184,0,0,0,64,0,0,0,128,34404,3,2247267610,0,0,240,8226,523,11,0,12288,8192,0,0,4096,6442450944,4096,4096,4,0,0,0,4,0,4096,82191,24576,3,33120,4194304,16384,1048576,8192,0,16,0,0,3,0.13053343,5.2450266,4096,12288,52,10858,20480,4096,20480,4096,20480,4096,3221225536,1610612768,0,0,0,0,0,4096,6380,24576
Microsoft.CodeAnalysis.ExternalAccess.Razor.Features.dll,23117,144,3,0,4,0,65535,0,184,0,0,0,64,0,0,0,128,34404,3,3514078179,0,0,240,8226,523,11,0,45056,12288,0,0,4096,6442450944,4096,4096,4,0,0,0,4,0,4096,87745,61440,3,33120,4194304,16384,1048576,8192,0,16,0,0,3,0.69972163,6.427115,4096,45056,300,44569,57344,4096,57344,4096,57344,4096,3221225536,1610612768,0,0,0,0,0,4096,8624,61440
Microsoft.CodeAnalysis.ExternalAccess.RazorCompiler.dll,23117,144,3,0,4,0,65535,0,184,0,0,0,64,0,0,0,128,34404,3,3901289892,0,0,240,8226,523,11,0,12288,8192,0,0,4096,6442450944,4096,4096,4,0,0,0,4,0,4096,97319,24576,3,33120,4194304,16384,1048576,8192,0,16,0,0,3,0.14412811,5.5719223,4096,12288,60,11231,20480,4096,20480,4096,20480,4096,3221225536,1610612768,0,0,0,0,0,4096,6300,24576
Microsoft.CodeAnalysis.ExternalAccess.VisualDiagnostics.dll,23117,144,3,0,4,0,65535,0,184,0,0,0,64,0,0,0,128,34404,3,2665494629,0,0,240,8226,523,11,0,32768,12288,0,0,4096,6442450944,4096,4096,4,0,0,0,4,0,4096,60383,49152,3,33120,4194304,16384,1048576,8192,0,16,0,0,3,0.6248868,5.9907246,4096,32768,268,30109,45056,4096,45056,4096,45056,4096,3221225536,1610612768,0,0,0,0,0,4096,8284,49152
Microsoft.CodeAnalysis.ExternalAccess.Xaml.dll,23117,144,3,0,4,0,65535,0,184,0,0,0,64,0,0,0,128,34404,3,4037234162,0,0,240,8226,523,11,0,69632,16384,0,0,4096,6442450944,4096,4096,4,0,0,0,4,0,4096,156082,90112,3,33120,4194304,16384,1048576,8192,0,16,0,0,3,1.2698845,6.3463078,4096,69632,576,66515,86016,4096,86016,4096,86016,4096,3221225536,1610612768,0,0,0,0,0,4096,10496,90112
Microsoft.CodeAnalysis.Features.dll,23117,144,3,0,4,0,65535,0,184,0,0,0,64,0,0,0,128,34404,3,4196208301,0,0,240,8226,523,11,0,10825728,1519616,0,0,4096,6442450944,4096,4096,4,0,0,0,4,0,4096,12367065,12349440,3,33120,4194304,16384,1048576,8192,0,16,0,0,3,5.3824735,6.8079295,69632,10825728,68880,10823792,12279808,4096,12279808,4096,12279808,4096,3221225536,1610612768,0,0,0,0,0,4096,952484,12349440
Microsoft.CodeAnalysis.Razor.Compiler.dll,23117,144,3,0,4,0,65535,0,184,0,0,0,64,0,0,0,128,34404,3,3463006633,0,0,240,8226,523,11,0,3289088,290816,0,0,4096,6442450944,4096,4096,4,0,0,0,4,0,4096,3605820,3584000,3,33120,4194304,16384,1048576,8192,0,16,0,0,3,4.9280415,6.68859,16384,3289088,15220,3287976,3567616,4096,3567616,4096,3567616,4096,3221225536,1610612768,0,0,0,0,0,4096,272676,3584000
Microsoft.CodeAnalysis.Remote.Workspaces.dll,23117,144,3,0,4,0,65535,0,184,0,0,0,64,0,0,0,128,34404,3,4281085289,0,0,240,8226,523,11,0,405504,81920,0,0,4096,6442450944,4096,4096,4,0,0,0,4,0,4096,534534,491520,3,33120,4194304,16384,1048576,8192,0,16,0,0,3,4.997652,6.8080792,4096,405504,3524,404789,487424,4096,487424,4096,487424,4096,3221225536,1610612768,0,0,0,0,0,4096,38620,491520
Microsoft.CodeAnalysis.Scripting.dll,23117,144,3,0,4,0,65535,0,184,0,0,0,64,0,0,0,128,34404,3,2484239220,0,0,240,8226,523,11,0,290816,40960,0,0,4096,6442450944,4096,4096,4,0,0,0,4,0,4096,354568,335872,3,33120,4194304,16384,1048576,8192,0,16,0,0,3,4.450902,6.804871,4096,290816,2736,290552,331776,4096,331776,4096,331776,4096,3221225536,1610612768,0,0,0,0,0,4096,33936,335872
Microsoft.CodeAnalysis.Workspaces.dll,23117,144,3,0,4,0,65535,0,184,0,0,0,64,0,0,0,128,34404,3,3774632352,0,0,240,8226,523,11,0,10162176,1335296,0,0,4096,6442450944,4096,4096,4,0,0,0,4,0,4096,11559951,11501568,3,33120,4194304,16384,1048576,8192,0,16,0,0,3,5.3900237,6.8229027,77824,10162176,74028,10161858,11423744,4096,11423744,4096,11423744,4096,3221225536,1610612768,0,0,0,0,0,4096,877924,11501568
Microsoft.CodeAnalysis.Workspaces.MSBuild.dll,23117,144,3,0,4,0,65535,0,184,0,0,0,64,0,0,0,128,34404,3,3086808843,0,0,240,8226,523,11,0,249856,49152,0,0,4096,6442450944,4096,4096,4,0,0,0,4,0,4096,377592,303104,3,33120,4194304,16384,1048576,8192,0,16,0,0,3,4.1179514,6.7000794,4096,249856,2436,246030,299008,4096,299008,4096,299008,4096,3221225536,1610612768,0,0,0,0,0,4096,28996,303104
Microsoft.VisualStudioCode.RazorExtension.dll,23117,144,3,0,4,0,65535,0,184,0,0,0,64,0,0,0,128,332,3,2407799214,0,0,224,8226,267,48,0,32768,2048,0,40694,8192,268435456,8192,512,4,0,0,0,4,0,512,87343,57344,3,34144,1048576,4096,1048576,4096,0,16,1,0,3,0.08153941,6.0060477,512,32768,12,32508,34816,512,49152,8192,34816,512,1610612768,1610612768,40611,79,0,0,40611,40960,0,35328
Microsoft.VisualStudio.DesignTools.CodeAnalysis.Diagnostics.dll,23117,144,3,0,4,0,65535,0,184,0,0,0,64,0,0,0,128,332,3,3796828399,0,0,224,8226,267,48,0,99328,2048,0,107042,8192,268435456,8192,512,4,0,0,0,4,0,512,168365,131072,3,34144,1048576,4096,1048576,4096,0,16,1,0,3,0.10191043,6.240915,512,99328,12,98856,101376,512,122880,8192,101376,512,1610612768,1610612768,106960,79,0,0,106960,114688,0,101888
Microsoft.VisualStudio.DesignTools.CodeAnalysis.dll,23117,144,3,0,4,0,65535,0,184,0,0,0,64,0,0,0,128,332,3,2669337240,0,0,224,8226,267,48,0,225280,2048,0,233062,8192,268435456,8192,512,4,0,0,0,4,0,512,244907,253952,3,34144,1048576,4096,1048576,4096,0,16,1,0,3,0.10191043,6.3569307,512,225280,12,224888,227328,512,245760,8192,227328,512,1610612768,1610612768,232977,79,0,0,232977,237568,0,227840
Microsoft.VisualStudio.Copilot.Roslyn.LanguageServer.dll,23117,144,3,0,4,0,65535,0,184,0,0,0,64,0,0,0,128,332,3,3264866165,0,0,224,8226,267,48,0,69632,2048,0,77514,8192,268435456,8192,512,4,0,0,0,4,0,512,123971,98304,3,34144,1048576,4096,1048576,4096,0,16,1,0,3,0.10191043,6.1880736,512,69632,12,69328,71680,512,90112,8192,71680,512,1610612768,1610612768,77432,79,0,0,77432,81920,0,72192
WinRT.SourceGenerator.dll,23117,144,3,0,4,0,65535,0,184,0,0,0,64,0,0,0,128,332,3,2205087956,0,0,224,8226,267,48,0,465408,2048,0,473414,8192,268435456,8192,512,4,0,0,0,4,0,512,535712,491520,3,34144,1048576,4096,1048576,4096,0,16,1,0,3,0.10191043,5.734816,512,465408,12,465272,467456,512,483328,8192,467456,512,1610612768,1610612768,473332,79,0,0,473332,475136,0,467968
WinRT.SourceGenerator.dll,23117,144,3,0,4,0,65535,0,184,0,0,0,64,0,0,0,128,332,3,2205087956,0,0,224,8226,267,48,0,465408,2048,0,473414,8192,268435456,8192,512,4,0,0,0,4,0,512,535712,491520,3,34144,1048576,4096,1048576,4096,0,16,1,0,3,0.10191043,5.734816,512,465408,12,465272,467456,512,483328,8192,467456,512,1610612768,1610612768,473332,79,0,0,473332,475136,0,467968
WinRT.SourceGenerator.dll,23117,144,3,0,4,0,65535,0,184,0,0,0,64,0,0,0,128,332,3,2205087956,0,0,224,8226,267,48,0,465408,2048,0,473414,8192,268435456,8192,512,4,0,0,0,4,0,512,535712,491520,3,34144,1048576,4096,1048576,4096,0,16,1,0,3,0.10191043,5.734816,512,465408,12,465272,467456,512,483328,8192,467456,512,1610612768,1610612768,473332,79,0,0,473332,475136,0,467968
Microsoft.Interop.SourceGeneration.dll,23117,144,3,0,4,0,65535,0,184,0,0,0,64,0,0,0,128,332,3,3723667282,0,0,224,8226,267,48,0,437760,2048,0,445570,8192,268435456,8192,512,4,0,0,0,4,0,512,490010,466944,3,34144,1048576,4096,1048576,4096,0,16,1,0,3,0.10191043,5.9075894,512,437760,12,437400,439808,512,458752,8192,439808,512,1610612768,1610612768,445485,79,0,0,445485,450560,0,440320
WinRT.SourceGenerator.dll,23117,144,3,0,4,0,65535,0,184,0,0,0,64,0,0,0,128,332,3,2205087956,0,0,224,8226,267,48,0,465408,2048,0,473414,8192,268435456,8192,512,4,0,0,0,4,0,512,535712,491520,3,34144,1048576,4096,1048576,4096,0,16,1,0,3,0.10191043,5.734816,512,465408,12,465272,467456,512,483328,8192,467456,512,1610612768,1610612768,473332,79,0,0,473332,475136,0,467968
Microsoft.Interop.LibraryImportGenerator.dll,23117,144,3,0,4,0,65535,0,184,0,0,0,64,0,0,0,128,332,3,3110662661,0,0,224,8226,267,48,0,248832,2048,0,256550,8192,268435456,8192,512,4,0,0,0,4,0,512,273112,278528,3,34144,1048576,4096,1048576,4096,0,16,1,0,3,0.10191043,5.831391,512,248832,12,248364,250880,512,270336,8192,250880,512,1610612768,1610612768,256467,79,0,0,256467,262144,0,251392
Microsoft.Interop.LibraryImportGenerator.resources.dll,23117,144,3,0,4,0,65535,0,184,0,0,0,64,0,0,0,128,332,3,2484235732,0,0,224,8226,267,48,0,69120,2048,0,77110,8192,268435456,8192,512,4,0,0,0,4,0,512,140765,98304,3,34112,1048576,4096,1048576,4096,0,16,1,0,3,0.10191043,5.7069573,512,69120,12,68924,71168,512,90112,8192,71168,512,1610612768,1610612768,77028,79,0,0,77028,81920,0,71680
System.Windows.Forms.Analyzers.CSharp.dll,23117,144,3,0,4,0,65535,0,184,0,0,0,64,0,0,0,128,332,3,3189099744,0,0,224,8226,267,48,0,27136,2048,0,35226,8192,268435456,8192,512,4,0,0,0,4,0,512,67655,57344,3,34144,1048576,4096,1048576,4096,0,16,1,0,3,0.08153941,5.6564198,512,27136,12,27040,29184,512,49152,8192,29184,512,1610612768,1610612768,35143,79,0,0,35143,40960,0,29696
Microsoft.CodeAnalysis.CSharp.NetAnalyzers.dll,23117,144,3,0,4,0,65535,0,184,0,0,0,64,0,0,0,128,332,3,3779231843,0,0,224,8226,267,48,0,116736,2048,0,124894,8192,268435456,8192,512,4,0,0,0,4,0,512,174663,147456,3,34144,1048576,4096,1048576,4096,0,16,1,0,3,0.09800418,6.2794027,512,116736,12,116708,118784,512,139264,8192,118784,512,1610612768,1610612768,124809,79,0,0,124809,131072,0,119296
Microsoft.Interop.JavaScript.JSImportGenerator.dll,23117,144,3,0,4,0,65535,0,184,0,0,0,64,0,0,0,128,332,3,2597616211,0,0,224,8226,267,48,0,124928,2048,0,133006,8192,268435456,8192,512,4,0,0,0,4,0,512,170145,155648,3,34144,1048576,4096,1048576,4096,0,16,1,0,3,0.08153941,6.070889,512,124928,12,124820,126976,512,147456,8192,126976,512,1610612768,1610612768,132924,79,0,0,132924,139264,0,127488
Microsoft.Interop.ComInterfaceGenerator.dll,23117,144,3,0,4,0,65535,0,184,0,0,0,64,0,0,0,128,332,3,3179033561,0,0,224,8226,267,48,0,303616,2048,0,311398,8192,268435456,8192,512,4,0,0,0,4,0,512,379539,335872,3,34144,1048576,4096,1048576,4096,0,16,1,0,3,0.10191043,5.962451,512,303616,12,303212,305664,512,327680,8192,305664,512,1610612768,1610612768,311313,79,0,0,311313,319488,0,306176
Microsoft.Interop.ComInterfaceGenerator.resources.dll,23117,144,3,0,4,0,65535,0,184,0,0,0,64,0,0,0,128,332,3,3841814985,0,0,224,8226,267,48,0,69120,2048,0,77110,8192,268435456,8192,512,4,0,0,0,4,0,512,135464,98304,3,34112,1048576,4096,1048576,4096,0,16,1,0,3,0.10191043,5.70576,512,69120,12,68924,71168,512,90112,8192,71168,512,1610612768,1610612768,77028,79,0,0,77028,81920,0,71680
System.Windows.Forms.Analyzers.dll,23117,144,3,0,4,0,65535,0,184,0,0,0,64,0,0,0,128,332,3,3648703543,0,0,224,8226,267,48,0,13824,2048,0,21986,8192,268435456,8192,512,4,0,0,0,4,0,512,31126,40960,3,34144,1048576,4096,1048576,4096,0,16,1,0,3,0.08153941,5.828189,512,13824,12,13800,15872,512,32768,8192,15872,512,1610612768,1610612768,21901,79,0,0,21901,24576,0,16384
System.Windows.Forms.Analyzers.resources.dll,23117,144,3,0,4,0,65535,0,184,0,0,0,64,0,0,0,128,332,3,2873768793,0,0,224,8226,267,48,0,2560,2048,0,10502,8192,268435456,8192,512,4,0,0,0,4,0,512,73947,32768,3,34112,1048576,4096,1048576,4096,0,16,1,0,3,0.08153941,5.5482836,512,2560,12,2316,4608,512,24576,8192,4608,512,1610612768,1610612768,10420,79,0,0,10420,16384,0,5120
System.Text.Json.SourceGeneration.dll,23117,144,3,0,4,0,65535,0,184,0,0,0,64,0,0,0,128,332,3,3777305262,0,0,224,8226,267,48,0,174592,2048,0,182322,8192,268435456,8192,512,4,0,0,0,4,0,512,217507,204800,3,34144,1048576,4096,1048576,4096,0,16,1,0,3,0.10191043,5.8028955,512,174592,12,174136,176640,512,196608,8192,176640,512,1610612768,1610612768,182237,79,0,0,182237,188416,0,177152
Microsoft.CodeAnalysis.NetAnalyzers.dll,23117,144,3,0,4,0,65535,0,184,0,0,0,64,0,0,0,128,332,3,3309299805,0,0,224,8226,267,48,0,2482176,2048,0,2489590,8192,268435456,8192,512,4,0,0,0,4,0,512,2547172,2506752,3,34144,1048576,4096,1048576,4096,0,16,1,0,3,0.10191043,5.9077525,512,2482176,12,2481760,2484224,512,2498560,8192,2484224,512,1610612768,1610612768,2489507,79,0,0,2489507,2490368,0,2484736
Microsoft.CodeAnalysis.NetAnalyzers.resources.dll,23117,144,3,0,4,0,65535,0,184,0,0,0,64,0,0,0,128,332,3,2737444356,0,0,224,8226,267,48,0,275968,2048,0,284074,8192,268435456,8192,512,4,0,0,0,4,0,512,305375,303104,3,34112,1048576,4096,1048576,4096,0,16,1,0,3,0.10191043,5.727218,512,275968,12,275888,278016,512,294912,8192,278016,512,1610612768,1610612768,283992,79,0,0,283992,286720,0,278528
System.Text.RegularExpressions.Generator.dll,23117,144,3,0,4,0,65535,0,184,0,0,0,64,0,0,0,128,332,3,3352669199,0,0,224,8226,267,48,0,326656,2048,0,308258,8192,268435456,8192,512,4,0,0,0,4,0,512,355571,352256,3,34144,1048576,4096,1048576,4096,0,16,1,0,3,0.10191043,5.9159636,512,326656,12,326264,328704,512,344064,8192,328704,512,1610612768,1610612768,308173,79,0,0,308173,335872,0,329216
System.Text.RegularExpressions.Generator.resources.dll,23117,144,3,0,4,0,65535,0,184,0,0,0,64,0,0,0,128,332,3,4086693893,0,0,224,8226,267,48,0,9216,2048,0,17230,8192,268435456,8192,512,4,0,0,0,4,0,512,66268,40960,3,34112,1048576,4096,1048576,4096,0,16,1,0,3,0.08153941,5.780879,512,9216,12,9044,11264,512,32768,8192,11264,512,1610612768,1610612768,17148,79,0,0,17148,24576,0,11776
WSU_Malware.dll,23117,144,3,0,4,0,65535,0,184,0,0,0,64,0,0,0,128,332,3,3285661195,0,0,224,34,267,48,0,269824,59904,0,277570,8192,4194304,8192,512,4,0,0,0,4,0,512,0,352256,2,34144,1048576,4096,1048576,4096,0,16,1,0,3,0.10191043,7.961656,512,269824,12,269384,329728,512,344064,8192,329728,512,1610612768,1610612768,277488,79,0,0,277488,278528,0,0
WSU_Malware.dll,23117,144,3,0,4,0,65535,0,184,0,0,0,64,0,0,0,128,332,3,3285661195,0,0,224,34,267,48,0,269824,59904,0,277570,8192,4194304,8192,512,4,0,0,0,4,0,512,0,352256,2,34144,1048576,4096,1048576,4096,0,16,1,0,3,0.10191043,7.961656,512,269824,12,269384,329728,512,344064,8192,329728,512,1610612768,1610612768,277488,79,0,0,277488,278528,0,0
WSU_Malware.dll,23117,144,3,0,4,0,65535,0,184,0,0,0,64,0,0,0,128,332,4,3338234954,0,0,224,34,267,48,0,16896,60416,0,32786,16384,4194304,8192,512,4,0,0,0,4,0,1024,0,114688,2,34144,1048576,4096,1048576,4096,0,16,1,0,4,0.08153941,7.9615936,512,59392,12,59364,77824,1024,106496,8192,77824,1024,1610612768,1107296320,32704,79,0,0,32704,40960,0,0
WindowsAccessBridge-64.dll,23117,144,3,0,4,0,65535,0,184,0,0,0,64,0,0,0,272,34404,7,1743823499,0,0,240,8226,523,14,36,122880,83456,0,31760,4096,6442450944,4096,512,6,0,0,0,6,0,1024,234952,221184,2,352,1048576,4096,4096,4096,0,16,1,0,7,2.1021612,6.47251,512,122880,348,122736,200704,1024,217088,4096,200704,1024,3221225536,1073741888,187620,60,183968,183968,187620,212992,200704,202752
