Name,e_magic,e_cblp,e_cp,e_crlc,e_cparhdr,e_minalloc,e_maxalloc,e_ss,e_sp,e_csum,e_ip,e_cs,e_lfarlc,e_ovno,e_oemid,e_oeminfo,e_lfanew,Machine,NumberOfSections,TimeDateStamp,PointerToSymbolTable,NumberOfSymbols,SizeOfOptionalHeader,Characteristics,Magic,MajorLinkerVersion,MinorLinkerVersion,SizeOfCode,SizeOfInitializedData,SizeOfUninitializedData,AddressOfEntryPoint,BaseOfCode,ImageBase,SectionAlignment,FileAlignment,MajorOperatingSystemVersion,MinorOperatingSystemVersion,MajorImageVersion,MinorImageVersion,MajorSubsystemVersion,MinorSubsystemVersion,SizeOfHeaders,CheckSum,SizeOfImage,Subsystem,DllCharacteristics,SizeOfStackReserve,SizeOfStackCommit,SizeOfHeapReserve,SizeOfHeapCommit,LoaderFlags,NumberOfRvaAndSizes,SuspiciousImportFunctions,SuspiciousNameSection,SectionsLength,SectionMinEntropy,SectionMaxEntropy,SectionMinRawsize,SectionMaxRawsize,SectionMinVirtualsize,SectionMaxVirtualsize,SectionMaxPhysical,SectionMinPhysical,SectionMaxVirtual,SectionMinVirtual,SectionMaxPointerData,SectionMinPointerData,SectionMaxChar,SectionMainChar,DirectoryEntryImport,DirectoryEntryImportSize,DirectoryEntryExport,ImageDirectoryEntryExport,ImageDirectoryEntryImport,ImageDirectoryEntryResource,ImageDirectoryEntryException,ImageDirectoryEntrySecurity
F:\notepad.exe,23117,144,3,0,4,0,65535,0,184,0,0,0,64,0,0,0,256,34404,7,2169470168,0,0,240,34,523,14,20,148992,57344,0,146368,4096,5368709120,4096,512,10,0,10,0,10,0,1024,230595,229376,2,49504,524288,69632,1048576,4096,0,16,1,0,7,1.8063966,6.276003,512,148992,376,148607,199680,1024,225280,4096,199680,1024,3221225536,1073741888,184520,580,0,0,184520,221184,208896,0
F:\RiotClientServices.exe,23117,144,3,0,4,0,65535,0,184,0,0,0,64,0,0,0,288,34404,7,3673586853,0,0,240,34,523,14,40,8883200,65132544,0,8346556,4096,5368709120,4096,512,6,0,0,0,6,0,1024,74705690,74264576,2,33120,1048576,4096,1048576,4096,0,16,1,0,7,0.12227588,7.99769,512,62597120,56,62596780,73974272,1024,74219520,4096,73974272,1024,3221225536,1073741888,10870540,300,0,0,10870540,11620352,11218944,74016768
F:\twain_32.dll,23117,144,3,0,4,0,65535,0,184,0,0,0,64,0,0,0,240,332,5,1248411633,0,0,224,8450,267,14,20,65536,11776,0,66848,4096,1713373184,4096,512,10,0,10,0,10,0,1024,90759,86016,3,16704,262144,4096,5120,4096,0,16,1,0,5,0.55549103,6.67105,512,65536,1112,65363,72704,1024,81920,4096,72704,1024,3221225536,1073741888,74340,120,69296,69296,74340,77824,0,0
F:\hhctrl.ocx,23117,144,3,0,4,0,65535,0,184,0,0,0,64,0,0,0,232,332,6,700171861,0,0,224,8450,267,14,20,437248,144384,0,420912,4096,1563426816,4096,512,10,0,10,0,10,0,1024,599985,593920,2,16704,262144,4096,1048576,4096,0,16,1,0,6,0.6689611,6.7940483,512,437248,56,437142,551424,1024,569344,4096,551424,1024,3221225536,3221225536,452380,240,440928,440928,452380,466944,0,0
F:\sysdm.cpl,23117,144,3,0,4,0,65535,0,184,0,0,0,64,0,0,0,248,332,5,1409747725,0,0,224,8450,267,14,20,91136,44032,0,88448,4096,1369440256,4096,512,10,0,10,0,10,0,1024,143546,147456,2,16704,262144,4096,1048576,4096,0,16,1,0,5,1.8039232,6.6406813,2048,91136,2576,90703,108032,1024,139264,4096,108032,1024,3221225536,1073741888,124312,980,94384,94384,124312,135168,0,0
